{
	"music": {
		"context": "music",
		"path": "sound/music/",
		"sounds": [
			{
				"id": "session2",
				"src": ["track1.ogg"],
				"volume": 0.1,
				"loop": true
			}
		]
	},
	"sfx": {
		"context": "sfx",
		"path": "sound/sfx/",
		"sounds": [
			{	
				"id": "iddle2",
				"src": ["thip.ogg"],
				"loop": true,
				"volume": 1,
				"effects": ["spatialization"]
			},
			{	
				"id": "engine",
				"src": ["thip.ogg"],
				"loop": true,
				"volume": 0.2,
				"effects": ["spatialization"]
			},
			{	
				"id": "engine2",
				"src": ["thip.ogg"],
				"loop": true,
				"volume": 0.05,
				"effects": ["spatialization"]
			},
			{	
				"id": "engine3",
				"src": ["13.ogg"],
				"loop": true,
				"volume": 0.5,
				"effects": ["spatialization"]
			},
			{	
				"id": "connect",
				"src": ["201.ogg"],
				"loop": false,
				"volume": 1,
				"effects": ["spatialization"]
			},
			{	
				"id": "turn",
				"src": ["collision.ogg"],
				"loop": false,
				"volume": 1,
				"effects": ["spatialization"]
			}
		]
	}
}