{ "height":96,
 "infinite":false,
 "layers":[
        {
         "id":2,
         "image":"ships\/back.png",
         "name":"Ship",
         "offsetx":6,
         "offsety":76,
         "opacity":1,
         "type":"imagelayer",
         "visible":true,
         "x":0,
         "y":0
        }, 
        {
         "draworder":"topdown",
         "id":8,
         "name":"Props",
         "objects":[
                {
                 "gid":1,
                 "height":6,
                 "id":345,
                 "name":"",
                 "rotation":0,
                 "type":"Door",
                 "visible":true,
                 "width":2,
                 "x":38,
                 "y":90
                }, 
                {
                 "gid":1,
                 "height":2,
                 "id":350,
                 "name":"",
                 "rotation":0,
                 "type":"Door",
                 "visible":true,
                 "width":6,
                 "x":28,
                 "y":78
                }, 
                {
                 "gid":1,
                 "height":2,
                 "id":354,
                 "name":"",
                 "rotation":0,
                 "type":"Door",
                 "visible":true,
                 "width":6,
                 "x":28,
                 "y":98
                }, 
                {
                 "gid":1,
                 "height":6,
                 "id":355,
                 "name":"",
                 "rotation":0,
                 "type":"Door",
                 "visible":true,
                 "width":2,
                 "x":22,
                 "y":90
                }],
         "opacity":1,
         "type":"objectgroup",
         "visible":true,
         "x":0,
         "y":0
        }, 
        {
         "draworder":"topdown",
         "id":15,
         "name":"Systems",
         "objects":[
                {
                 "gid":16,
                 "height":2,
                 "id":346,
                 "name":"",
                 "properties":[
                        {
                         "name":"Power",
                         "type":"float",
                         "value":5
                        }],
                 "rotation":0,
                 "type":"OxygenController",
                 "visible":true,
                 "width":2,
                 "x":15,
                 "y":93
                }, 
                {
                 "gid":16,
                 "height":2,
                 "id":352,
                 "name":"",
                 "properties":[
                        {
                         "name":"Power",
                         "type":"float",
                         "value":5
                        }],
                 "rotation":0,
                 "type":"OxygenController",
                 "visible":true,
                 "width":2,
                 "x":25,
                 "y":95
                }, 
                {
                 "gid":16,
                 "height":1,
                 "id":358,
                 "name":"Bollard",
                 "properties":[
                        {
                         "name":"isBotDocked",
                         "type":"bool",
                         "value":true
                        }],
                 "rotation":0,
                 "type":"Bollard",
                 "visible":true,
                 "width":1,
                 "x":6,
                 "y":98
                }, 
                {
                 "gid":16,
                 "height":1,
                 "id":380,
                 "name":"Bollard",
                 "properties":[
                        {
                         "name":"isBotDocked",
                         "type":"bool",
                         "value":true
                        }],
                 "rotation":0,
                 "type":"Bollard",
                 "visible":true,
                 "width":1,
                 "x":6,
                 "y":77
                }, 
                {
                 "gid":16,
                 "height":2,
                 "id":395,
                 "name":"RepairBotDockStation",
                 "properties":[
                        {
                         "name":"botsNum",
                         "type":"int",
                         "value":1
                        }],
                 "rotation":0,
                 "type":"RepairBotDockStation",
                 "visible":true,
                 "width":2,
                 "x":16,
                 "y":80
                }],
         "opacity":1,
         "type":"objectgroup",
         "visible":true,
         "x":0,
         "y":0
        }],
 "nextlayerid":26,
 "nextobjectid":396,
 "orientation":"orthogonal",
 "renderorder":"right-down",
 "tiledversion":"1.2.3",
 "tileheight":2,
 "tilesets":[
        {
         "columns":0,
         "firstgid":1,
         "grid":
            {
             "height":1,
             "orientation":"orthogonal",
             "width":1
            },
         "margin":0,
         "name":"nav",
         "spacing":0,
         "tilecount":2,
         "tileheight":2,
         "tiles":[
                {
                 "id":0,
                 "image":"ui\/tile.png",
                 "imageheight":2,
                 "imagewidth":2
                }, 
                {
                 "id":1,
                 "image":"targets\/brokenTarget.png",
                 "imageheight":2,
                 "imagewidth":2
                }],
         "tilewidth":2
        }, 
        {
         "columns":0,
         "firstgid":3,
         "grid":
            {
             "height":1,
             "orientation":"orthogonal",
             "width":1
            },
         "margin":0,
         "name":"objects",
         "spacing":0,
         "tilecount":13,
         "tileheight":12,
         "tiles":[
                {
                 "id":0,
                 "image":"windows\/windowBD.png",
                 "imageheight":3,
                 "imagewidth":10
                }, 
                {
                 "id":1,
                 "image":"windows\/windowBT.png",
                 "imageheight":3,
                 "imagewidth":10
                }, 
                {
                 "id":2,
                 "image":"windows\/windowCD.png",
                 "imageheight":11,
                 "imagewidth":16
                }, 
                {
                 "id":3,
                 "image":"windows\/windowCT.png",
                 "imageheight":11,
                 "imagewidth":16
                }, 
                {
                 "id":4,
                 "image":"windows\/windowSD.png",
                 "imageheight":3,
                 "imagewidth":4
                }, 
                {
                 "id":5,
                 "image":"windows\/windowST.png",
                 "imageheight":3,
                 "imagewidth":4
                }, 
                {
                 "id":6,
                 "image":"doors\/DoorHD2.png",
                 "imageheight":2,
                 "imagewidth":4
                }, 
                {
                 "id":7,
                 "image":"doors\/DoorHD4.png",
                 "imageheight":2,
                 "imagewidth":6
                }, 
                {
                 "id":8,
                 "image":"doors\/DoorHT4.png",
                 "imageheight":2,
                 "imagewidth":6
                }, 
                {
                 "id":9,
                 "image":"doors\/DoorV2.png",
                 "imageheight":4,
                 "imagewidth":2
                }, 
                {
                 "id":10,
                 "image":"doors\/DoorVL4.png",
                 "imageheight":6,
                 "imagewidth":2
                }, 
                {
                 "id":11,
                 "image":"doors\/DoorVR4.png",
                 "imageheight":6,
                 "imagewidth":2
                }, 
                {
                 "id":12,
                 "image":"probes\/bed.png",
                 "imageheight":12,
                 "imagewidth":5
                }],
         "tilewidth":16
        }, 
        {
         "columns":0,
         "firstgid":16,
         "grid":
            {
             "height":1,
             "orientation":"orthogonal",
             "width":1
            },
         "margin":0,
         "name":"Nav",
         "spacing":0,
         "tilecount":2,
         "tileheight":2,
         "tiles":[
                {
                 "id":0,
                 "image":"targets\/brokenTarget.png",
                 "imageheight":2,
                 "imagewidth":2
                }, 
                {
                 "id":1,
                 "image":"ui\/tile.png",
                 "imageheight":2,
                 "imagewidth":2
                }],
         "tilewidth":2
        }],
 "tilewidth":2,
 "type":"map",
 "version":1.2,
 "width":128
}