{ "height":128,
 "infinite":false,
 "layers":[
        {
         "id":2,
         "image":"test\/cruiser2.png",
         "name":"Ship",
         "opacity":1,
         "type":"imagelayer",
         "visible":true,
         "x":0,
         "y":0
        }, 
        {
         "draworder":"topdown",
         "id":4,
         "name":"Systems",
         "objects":[
                {
                 "gid":1,
                 "height":2,
                 "id":2,
                 "name":"",
                 "rotation":0,
                 "type":"OxygenEmiter",
                 "visible":true,
                 "width":2,
                 "x":105,
                 "y":89
                }, 
                {
                 "gid":1,
                 "height":2,
                 "id":3,
                 "name":"",
                 "rotation":0,
                 "type":"OxygenEmiter",
                 "visible":true,
                 "width":2,
                 "x":257,
                 "y":127
                }, 
                {
                 "gid":1,
                 "height":2,
                 "id":4,
                 "name":"CrewSpawner",
                 "rotation":0,
                 "type":"CrewSpawner",
                 "visible":true,
                 "width":2,
                 "x":149,
                 "y":102
                }, 
                {
                 "gid":1,
                 "height":2,
                 "id":5,
                 "name":"",
                 "rotation":0,
                 "type":"OxygenEmiter",
                 "visible":true,
                 "width":2,
                 "x":76,
                 "y":74
                }, 
                {
                 "gid":1,
                 "height":2,
                 "id":29,
                 "name":"",
                 "rotation":0,
                 "type":"OxygenEmiter",
                 "visible":true,
                 "width":2,
                 "x":130,
                 "y":94
                }, 
                {
                 "gid":1,
                 "height":2,
                 "id":30,
                 "name":"",
                 "rotation":0,
                 "type":"OxygenEmiter",
                 "visible":true,
                 "width":2,
                 "x":284,
                 "y":135
                }, 
                {
                 "gid":1,
                 "height":2,
                 "id":31,
                 "name":"",
                 "rotation":0,
                 "type":"OxygenEmiter",
                 "visible":true,
                 "width":2,
                 "x":220,
                 "y":87
                }, 
                {
                 "gid":1,
                 "height":2,
                 "id":32,
                 "name":"",
                 "rotation":0,
                 "type":"OxygenEmiter",
                 "visible":true,
                 "width":2,
                 "x":200,
                 "y":92
                }, 
                {
                 "gid":1,
                 "height":2,
                 "id":33,
                 "name":"",
                 "rotation":0,
                 "type":"OxygenEmiter",
                 "visible":true,
                 "width":2,
                 "x":150,
                 "y":64
                }, 
                {
                 "gid":1,
                 "height":2,
                 "id":34,
                 "name":"",
                 "rotation":0,
                 "type":"OxygenEmiter",
                 "visible":true,
                 "width":2,
                 "x":128,
                 "y":64
                }, 
                {
                 "gid":1,
                 "height":2,
                 "id":35,
                 "name":"",
                 "rotation":0,
                 "type":"OxygenEmiter",
                 "visible":true,
                 "width":2,
                 "x":105,
                 "y":73
                }, 
                {
                 "gid":1,
                 "height":2,
                 "id":36,
                 "name":"",
                 "rotation":0,
                 "type":"OxygenEmiter",
                 "visible":true,
                 "width":2,
                 "x":78,
                 "y":93
                }, 
                {
                 "gid":1,
                 "height":2,
                 "id":37,
                 "name":"",
                 "rotation":0,
                 "type":"OxygenEmiter",
                 "visible":true,
                 "width":2,
                 "x":174,
                 "y":103
                }, 
                {
                 "gid":1,
                 "height":2,
                 "id":82,
                 "name":"",
                 "rotation":0,
                 "type":"OxygenEmiter",
                 "visible":true,
                 "width":2,
                 "x":144,
                 "y":132
                }, 
                {
                 "gid":1,
                 "height":2,
                 "id":83,
                 "name":"",
                 "rotation":0,
                 "type":"OxygenEmiter",
                 "visible":true,
                 "width":2,
                 "x":80,
                 "y":132
                }, 
                {
                 "gid":1,
                 "height":2,
                 "id":84,
                 "name":"",
                 "rotation":0,
                 "type":"OxygenEmiter",
                 "visible":true,
                 "width":2,
                 "x":140,
                 "y":162
                }, 
                {
                 "gid":1,
                 "height":2,
                 "id":86,
                 "name":"",
                 "rotation":0,
                 "type":"OxygenEmiter",
                 "visible":true,
                 "width":2,
                 "x":126,
                 "y":170
                }, 
                {
                 "gid":1,
                 "height":2,
                 "id":87,
                 "name":"",
                 "rotation":0,
                 "type":"OxygenEmiter",
                 "visible":true,
                 "width":2,
                 "x":146,
                 "y":186
                }, 
                {
                 "gid":1,
                 "height":2,
                 "id":88,
                 "name":"",
                 "rotation":0,
                 "type":"OxygenEmiter",
                 "visible":true,
                 "width":2,
                 "x":172,
                 "y":194
                }, 
                {
                 "gid":1,
                 "height":2,
                 "id":89,
                 "name":"",
                 "rotation":0,
                 "type":"OxygenEmiter",
                 "visible":true,
                 "width":2,
                 "x":216,
                 "y":182
                }, 
                {
                 "gid":1,
                 "height":2,
                 "id":90,
                 "name":"",
                 "rotation":0,
                 "type":"OxygenEmiter",
                 "visible":true,
                 "width":2,
                 "x":216,
                 "y":148
                }, 
                {
                 "gid":1,
                 "height":2,
                 "id":91,
                 "name":"",
                 "rotation":0,
                 "type":"OxygenEmiter",
                 "visible":true,
                 "width":2,
                 "x":218,
                 "y":134
                }, 
                {
                 "gid":1,
                 "height":2,
                 "id":92,
                 "name":"",
                 "rotation":0,
                 "type":"OxygenEmiter",
                 "visible":true,
                 "width":2,
                 "x":216,
                 "y":118
                }, 
                {
                 "gid":1,
                 "height":2,
                 "id":93,
                 "name":"",
                 "rotation":0,
                 "type":"OxygenEmiter",
                 "visible":true,
                 "width":2,
                 "x":190,
                 "y":136
                }, 
                {
                 "gid":1,
                 "height":2,
                 "id":94,
                 "name":"",
                 "rotation":0,
                 "type":"OxygenEmiter",
                 "visible":true,
                 "width":2,
                 "x":168,
                 "y":136
                }, 
                {
                 "gid":1,
                 "height":2,
                 "id":95,
                 "name":"",
                 "rotation":0,
                 "type":"OxygenEmiter",
                 "visible":true,
                 "width":2,
                 "x":106,
                 "y":192
                }, 
                {
                 "gid":1,
                 "height":2,
                 "id":96,
                 "name":"",
                 "rotation":0,
                 "type":"OxygenEmiter",
                 "visible":true,
                 "width":2,
                 "x":138,
                 "y":214
                }, 
                {
                 "gid":1,
                 "height":2,
                 "id":97,
                 "name":"",
                 "rotation":0,
                 "type":"OxygenEmiter",
                 "visible":true,
                 "width":2,
                 "x":112,
                 "y":204
                }, 
                {
                 "gid":1,
                 "height":2,
                 "id":98,
                 "name":"",
                 "rotation":0,
                 "type":"OxygenEmiter",
                 "visible":true,
                 "width":2,
                 "x":86,
                 "y":230
                }, 
                {
                 "gid":1,
                 "height":2,
                 "id":99,
                 "name":"",
                 "rotation":0,
                 "type":"OxygenEmiter",
                 "visible":true,
                 "width":2,
                 "x":74,
                 "y":192
                }, 
                {
                 "gid":1,
                 "height":2,
                 "id":100,
                 "name":"",
                 "rotation":0,
                 "type":"OxygenEmiter",
                 "visible":true,
                 "width":2,
                 "x":80,
                 "y":174
                }, 
                {
                 "gid":1,
                 "height":2,
                 "id":101,
                 "name":"",
                 "rotation":0,
                 "type":"OxygenEmiter",
                 "visible":true,
                 "width":2,
                 "x":78,
                 "y":158
                }, 
                {
                 "gid":1,
                 "height":2,
                 "id":102,
                 "name":"",
                 "rotation":0,
                 "type":"OxygenEmiter",
                 "visible":true,
                 "width":2,
                 "x":124,
                 "y":134
                }, 
                {
                 "gid":1,
                 "height":2,
                 "id":103,
                 "name":"",
                 "rotation":0,
                 "type":"OxygenEmiter",
                 "visible":true,
                 "width":2,
                 "x":180,
                 "y":174
                }, 
                {
                 "gid":1,
                 "height":2,
                 "id":104,
                 "name":"",
                 "rotation":0,
                 "type":"OxygenEmiter",
                 "visible":true,
                 "width":2,
                 "x":322,
                 "y":136
                }, 
                {
                 "gid":1,
                 "height":2,
                 "id":105,
                 "name":"",
                 "rotation":0,
                 "type":"OxygenEmiter",
                 "visible":true,
                 "width":2,
                 "x":308,
                 "y":134
                }, 
                {
                 "gid":1,
                 "height":2,
                 "id":106,
                 "name":"",
                 "rotation":0,
                 "type":"OxygenEmiter",
                 "visible":true,
                 "width":2,
                 "x":328,
                 "y":158
                }, 
                {
                 "gid":1,
                 "height":2,
                 "id":107,
                 "name":"",
                 "rotation":0,
                 "type":"OxygenEmiter",
                 "visible":true,
                 "width":2,
                 "x":366,
                 "y":132
                }, 
                {
                 "gid":1,
                 "height":2,
                 "id":108,
                 "name":"",
                 "rotation":0,
                 "type":"OxygenEmiter",
                 "visible":true,
                 "width":2,
                 "x":368,
                 "y":148
                }, 
                {
                 "gid":1,
                 "height":2,
                 "id":109,
                 "name":"",
                 "rotation":0,
                 "type":"OxygenEmiter",
                 "visible":true,
                 "width":2,
                 "x":362,
                 "y":120
                }, 
                {
                 "gid":1,
                 "height":2,
                 "id":110,
                 "name":"",
                 "rotation":0,
                 "type":"OxygenEmiter",
                 "visible":true,
                 "width":2,
                 "x":330,
                 "y":106
                }, 
                {
                 "gid":1,
                 "height":2,
                 "id":111,
                 "name":"",
                 "rotation":0,
                 "type":"OxygenEmiter",
                 "visible":true,
                 "width":2,
                 "x":306,
                 "y":104
                }, 
                {
                 "gid":1,
                 "height":2,
                 "id":112,
                 "name":"",
                 "rotation":0,
                 "type":"OxygenEmiter",
                 "visible":true,
                 "width":2,
                 "x":252,
                 "y":92
                }, 
                {
                 "gid":1,
                 "height":2,
                 "id":113,
                 "name":"",
                 "rotation":0,
                 "type":"OxygenEmiter",
                 "visible":true,
                 "width":2,
                 "x":254,
                 "y":178
                }, 
                {
                 "gid":1,
                 "height":2,
                 "id":114,
                 "name":"",
                 "rotation":0,
                 "type":"OxygenEmiter",
                 "visible":true,
                 "width":2,
                 "x":238,
                 "y":136
                }, 
                {
                 "gid":1,
                 "height":2,
                 "id":115,
                 "name":"",
                 "rotation":0,
                 "type":"OxygenEmiter",
                 "visible":true,
                 "width":2,
                 "x":178,
                 "y":72
                }, 
                {
                 "gid":1,
                 "height":2,
                 "id":116,
                 "name":"",
                 "rotation":0,
                 "type":"OxygenEmiter",
                 "visible":true,
                 "width":2,
                 "x":104,
                 "y":106
                }, 
                {
                 "gid":1,
                 "height":2,
                 "id":117,
                 "name":"",
                 "rotation":0,
                 "type":"OxygenEmiter",
                 "visible":true,
                 "width":2,
                 "x":74,
                 "y":112
                }, 
                {
                 "gid":1,
                 "height":2,
                 "id":118,
                 "name":"",
                 "rotation":0,
                 "type":"OxygenEmiter",
                 "visible":true,
                 "width":2,
                 "x":92,
                 "y":38
                }, 
                {
                 "gid":1,
                 "height":2,
                 "id":119,
                 "name":"",
                 "rotation":0,
                 "type":"OxygenEmiter",
                 "visible":true,
                 "width":2,
                 "x":78,
                 "y":46
                }, 
                {
                 "gid":1,
                 "height":2,
                 "id":120,
                 "name":"",
                 "rotation":0,
                 "type":"OxygenEmiter",
                 "visible":true,
                 "width":2,
                 "x":98,
                 "y":62
                }, 
                {
                 "gid":1,
                 "height":2,
                 "id":121,
                 "name":"",
                 "rotation":0,
                 "type":"OxygenEmiter",
                 "visible":true,
                 "width":2,
                 "x":128,
                 "y":54
                }, 
                {
                 "gid":1,
                 "height":2,
                 "id":128,
                 "name":"RepairBotDockStation",
                 "properties":[
                        {
                         "name":"botsNum",
                         "type":"int",
                         "value":1
                        }],
                 "rotation":0,
                 "type":"RepairBotDockStation",
                 "visible":true,
                 "width":2,
                 "x":54,
                 "y":130
                }],
         "opacity":1,
         "type":"objectgroup",
         "visible":true,
         "x":0,
         "y":0
        }, 
        {
         "draworder":"topdown",
         "id":7,
         "name":"Props",
         "objects":[
                {
                 "gid":4,
                 "height":8,
                 "id":13,
                 "name":"",
                 "rotation":0,
                 "type":"Door",
                 "visible":true,
                 "width":2,
                 "x":230,
                 "y":120
                }, 
                {
                 "gid":4,
                 "height":2,
                 "id":14,
                 "name":"",
                 "rotation":0,
                 "type":"Door",
                 "visible":true,
                 "width":6,
                 "x":92,
                 "y":42
                }, 
                {
                 "gid":4,
                 "height":6,
                 "id":15,
                 "name":"",
                 "rotation":0,
                 "type":"Door",
                 "visible":true,
                 "width":2,
                 "x":204,
                 "y":78
                }, 
                {
                 "gid":4,
                 "height":22,
                 "id":16,
                 "name":"",
                 "rotation":0,
                 "type":"Door",
                 "visible":true,
                 "width":2,
                 "x":160,
                 "y":82
                }, 
                {
                 "gid":4,
                 "height":8,
                 "id":17,
                 "name":"",
                 "rotation":0,
                 "type":"Door",
                 "visible":true,
                 "width":2,
                 "x":90,
                 "y":94
                }, 
                {
                 "gid":4,
                 "height":2,
                 "id":18,
                 "name":"",
                 "rotation":0,
                 "type":"Door",
                 "visible":true,
                 "width":8,
                 "x":126,
                 "y":58
                }, 
                {
                 "gid":4,
                 "height":2,
                 "id":19,
                 "name":"",
                 "rotation":0,
                 "type":"Door",
                 "visible":true,
                 "width":8,
                 "x":108,
                 "y":102
                }, 
                {
                 "gid":4,
                 "height":2,
                 "id":20,
                 "name":"",
                 "rotation":0,
                 "type":"Door",
                 "visible":true,
                 "width":8,
                 "x":144,
                 "y":58
                }, 
                {
                 "gid":4,
                 "height":2,
                 "id":22,
                 "name":"",
                 "rotation":0,
                 "type":"Door",
                 "visible":true,
                 "width":8,
                 "x":192,
                 "y":122
                }, 
                {
                 "gid":4,
                 "height":8,
                 "id":23,
                 "name":"",
                 "rotation":0,
                 "type":"Door",
                 "visible":true,
                 "width":2,
                 "x":134,
                 "y":102
                }, 
                {
                 "gid":4,
                 "height":8,
                 "id":24,
                 "name":"",
                 "rotation":0,
                 "type":"Door",
                 "visible":true,
                 "width":2,
                 "x":188,
                 "y":92
                }, 
                {
                 "gid":4,
                 "height":6,
                 "id":25,
                 "name":"",
                 "rotation":0,
                 "type":"Door",
                 "visible":true,
                 "width":2,
                 "x":204,
                 "y":118
                }, 
                {
                 "gid":4,
                 "height":2,
                 "id":26,
                 "name":"",
                 "rotation":0,
                 "type":"Door",
                 "visible":true,
                 "width":8,
                 "x":214,
                 "y":110
                }, 
                {
                 "gid":4,
                 "height":2,
                 "id":27,
                 "name":"",
                 "rotation":0,
                 "type":"Door",
                 "visible":true,
                 "width":10,
                 "x":256,
                 "y":114
                }, 
                {
                 "gid":4,
                 "height":2,
                 "id":38,
                 "name":"",
                 "rotation":0,
                 "type":"Door",
                 "visible":true,
                 "width":8,
                 "x":100,
                 "y":68
                }, 
                {
                 "gid":4,
                 "height":12,
                 "id":39,
                 "name":"",
                 "rotation":0,
                 "type":"Door",
                 "visible":true,
                 "width":4,
                 "x":130,
                 "y":138
                }, 
                {
                 "gid":4,
                 "height":2,
                 "id":40,
                 "name":"",
                 "rotation":0,
                 "type":"Door",
                 "visible":true,
                 "width":8,
                 "x":144,
                 "y":74
                }, 
                {
                 "gid":4,
                 "height":6,
                 "id":41,
                 "name":"",
                 "rotation":0,
                 "type":"Door",
                 "visible":true,
                 "width":2,
                 "x":74,
                 "y":50
                }, 
                {
                 "gid":4,
                 "height":2,
                 "id":42,
                 "name":"",
                 "rotation":0,
                 "type":"Door",
                 "visible":true,
                 "width":8,
                 "x":74,
                 "y":68
                }, 
                {
                 "gid":4,
                 "height":2,
                 "id":43,
                 "name":"",
                 "rotation":0,
                 "type":"Door",
                 "visible":true,
                 "width":8,
                 "x":94,
                 "y":102
                }, 
                {
                 "gid":4,
                 "height":2,
                 "id":44,
                 "name":"",
                 "rotation":0,
                 "type":"Door",
                 "visible":true,
                 "width":10,
                 "x":72,
                 "y":102
                }, 
                {
                 "gid":4,
                 "height":8,
                 "id":45,
                 "name":"",
                 "rotation":0,
                 "type":"Door",
                 "visible":true,
                 "width":2,
                 "x":120,
                 "y":86
                }, 
                {
                 "gid":4,
                 "height":2,
                 "id":46,
                 "name":"",
                 "rotation":0,
                 "type":"Door",
                 "visible":true,
                 "width":8,
                 "x":144,
                 "y":94
                }, 
                {
                 "gid":4,
                 "height":8,
                 "id":47,
                 "name":"",
                 "rotation":0,
                 "type":"Door",
                 "visible":true,
                 "width":2,
                 "x":240,
                 "y":92
                }, 
                {
                 "gid":4,
                 "height":8,
                 "id":48,
                 "name":"",
                 "rotation":0,
                 "type":"Door",
                 "visible":true,
                 "width":2,
                 "x":230,
                 "y":136
                }, 
                {
                 "gid":4,
                 "height":8,
                 "id":49,
                 "name":"",
                 "rotation":0,
                 "type":"Door",
                 "visible":true,
                 "width":2,
                 "x":230,
                 "y":150
                }, 
                {
                 "gid":4,
                 "height":8,
                 "id":50,
                 "name":"",
                 "rotation":0,
                 "type":"Door",
                 "visible":true,
                 "width":2,
                 "x":204,
                 "y":152
                }, 
                {
                 "gid":4,
                 "height":8,
                 "id":51,
                 "name":"",
                 "rotation":0,
                 "type":"Door",
                 "visible":true,
                 "width":2,
                 "x":188,
                 "y":162
                }, 
                {
                 "gid":4,
                 "height":2,
                 "id":52,
                 "name":"",
                 "rotation":0,
                 "type":"Door",
                 "visible":true,
                 "width":8,
                 "x":172,
                 "y":180
                }, 
                {
                 "gid":4,
                 "height":8,
                 "id":53,
                 "name":"",
                 "rotation":0,
                 "type":"Door",
                 "visible":true,
                 "width":2,
                 "x":160,
                 "y":164
                }, 
                {
                 "gid":4,
                 "height":2,
                 "id":54,
                 "name":"",
                 "rotation":0,
                 "type":"Door",
                 "visible":true,
                 "width":8,
                 "x":94,
                 "y":164
                }, 
                {
                 "gid":4,
                 "height":2,
                 "id":55,
                 "name":"",
                 "rotation":0,
                 "type":"Door",
                 "visible":true,
                 "width":8,
                 "x":108,
                 "y":164
                }, 
                {
                 "gid":4,
                 "height":2,
                 "id":56,
                 "name":"",
                 "rotation":0,
                 "type":"Door",
                 "visible":true,
                 "width":8,
                 "x":108,
                 "y":186
                }, 
                {
                 "gid":4,
                 "height":2,
                 "id":57,
                 "name":"",
                 "rotation":0,
                 "type":"Door",
                 "visible":true,
                 "width":8,
                 "x":102,
                 "y":198
                }, 
                {
                 "gid":4,
                 "height":2,
                 "id":58,
                 "name":"",
                 "rotation":0,
                 "type":"Door",
                 "visible":true,
                 "width":8,
                 "x":72,
                 "y":198
                }, 
                {
                 "gid":4,
                 "height":2,
                 "id":59,
                 "name":"",
                 "rotation":0,
                 "type":"Door",
                 "visible":true,
                 "width":10,
                 "x":72,
                 "y":180
                }, 
                {
                 "gid":4,
                 "height":2,
                 "id":60,
                 "name":"",
                 "rotation":0,
                 "type":"Door",
                 "visible":true,
                 "width":10,
                 "x":72,
                 "y":164
                }, 
                {
                 "gid":4,
                 "height":2,
                 "id":61,
                 "name":"",
                 "rotation":0,
                 "type":"Door",
                 "visible":true,
                 "width":6,
                 "x":92,
                 "y":224
                }, 
                {
                 "gid":4,
                 "height":2,
                 "id":63,
                 "name":"",
                 "rotation":0,
                 "type":"Door",
                 "visible":true,
                 "width":8,
                 "x":144,
                 "y":192
                }, 
                {
                 "gid":4,
                 "height":2,
                 "id":64,
                 "name":"",
                 "rotation":0,
                 "type":"Door",
                 "visible":true,
                 "width":8,
                 "x":144,
                 "y":172
                }, 
                {
                 "gid":4,
                 "height":8,
                 "id":65,
                 "name":"",
                 "rotation":0,
                 "type":"Door",
                 "visible":true,
                 "width":2,
                 "x":120,
                 "y":160
                }, 
                {
                 "gid":4,
                 "height":8,
                 "id":66,
                 "name":"",
                 "rotation":0,
                 "type":"Door",
                 "visible":true,
                 "width":2,
                 "x":204,
                 "y":192
                }, 
                {
                 "gid":4,
                 "height":8,
                 "id":67,
                 "name":"",
                 "rotation":0,
                 "type":"Door",
                 "visible":true,
                 "width":2,
                 "x":240,
                 "y":178
                }, 
                {
                 "gid":4,
                 "height":2,
                 "id":68,
                 "name":"",
                 "rotation":0,
                 "type":"Door",
                 "visible":true,
                 "width":8,
                 "x":212,
                 "y":156
                }, 
                {
                 "gid":4,
                 "height":2,
                 "id":69,
                 "name":"",
                 "rotation":0,
                 "type":"Door",
                 "visible":true,
                 "width":10,
                 "x":256,
                 "y":152
                }, 
                {
                 "gid":4,
                 "height":18,
                 "id":70,
                 "name":"",
                 "rotation":0,
                 "type":"Door",
                 "visible":true,
                 "width":2,
                 "x":272,
                 "y":142
                }, 
                {
                 "gid":4,
                 "height":8,
                 "id":71,
                 "name":"",
                 "rotation":0,
                 "type":"Door",
                 "visible":true,
                 "width":2,
                 "x":298,
                 "y":136
                }, 
                {
                 "gid":4,
                 "height":8,
                 "id":72,
                 "name":"",
                 "rotation":0,
                 "type":"Door",
                 "visible":true,
                 "width":2,
                 "x":314,
                 "y":136
                }, 
                {
                 "gid":4,
                 "height":8,
                 "id":73,
                 "name":"",
                 "rotation":0,
                 "type":"Door",
                 "visible":true,
                 "width":2,
                 "x":344,
                 "y":136
                }, 
                {
                 "gid":4,
                 "height":2,
                 "id":74,
                 "name":"",
                 "rotation":0,
                 "type":"Door",
                 "visible":true,
                 "width":10,
                 "x":352,
                 "y":156
                }, 
                {
                 "gid":4,
                 "height":2,
                 "id":75,
                 "name":"",
                 "rotation":0,
                 "type":"Door",
                 "visible":true,
                 "width":10,
                 "x":352,
                 "y":110
                }, 
                {
                 "gid":4,
                 "height":4,
                 "id":76,
                 "name":"",
                 "rotation":0,
                 "type":"Door",
                 "visible":true,
                 "width":12,
                 "x":300,
                 "y":114
                }, 
                {
                 "gid":4,
                 "height":4,
                 "id":77,
                 "name":"",
                 "rotation":0,
                 "type":"Door",
                 "visible":true,
                 "width":12,
                 "x":300,
                 "y":154
                }, 
                {
                 "gid":4,
                 "height":2,
                 "id":78,
                 "name":"",
                 "rotation":0,
                 "type":"Door",
                 "visible":true,
                 "width":6,
                 "x":136,
                 "y":208
                }, 
                {
                 "gid":4,
                 "height":2,
                 "id":79,
                 "name":"",
                 "rotation":0,
                 "type":"Door",
                 "visible":true,
                 "width":6,
                 "x":80,
                 "y":224
                }, 
                {
                 "gid":4,
                 "height":8,
                 "id":80,
                 "name":"",
                 "rotation":0,
                 "type":"Door",
                 "visible":true,
                 "width":2,
                 "x":204,
                 "y":136
                }, 
                {
                 "gid":4,
                 "height":8,
                 "id":81,
                 "name":"",
                 "rotation":0,
                 "type":"Door",
                 "visible":true,
                 "width":2,
                 "x":174,
                 "y":136
                }, 
                {
                 "gid":4,
                 "height":2,
                 "id":122,
                 "name":"",
                 "rotation":0,
                 "type":"Door",
                 "visible":true,
                 "width":8,
                 "x":124,
                 "y":74
                }, 
                {
                 "gid":4,
                 "height":8,
                 "id":123,
                 "name":"",
                 "rotation":0,
                 "type":"Door",
                 "visible":true,
                 "width":2,
                 "x":120,
                 "y":110
                }, 
                {
                 "gid":4,
                 "height":2,
                 "id":124,
                 "name":"",
                 "rotation":0,
                 "type":"Door",
                 "visible":true,
                 "width":8,
                 "x":124,
                 "y":176
                }, 
                {
                 "gid":4,
                 "height":8,
                 "id":125,
                 "name":"",
                 "rotation":0,
                 "type":"Door",
                 "visible":true,
                 "width":2,
                 "x":134,
                 "y":186
                }, 
                {
                 "gid":4,
                 "height":8,
                 "id":126,
                 "name":"",
                 "rotation":0,
                 "type":"Door",
                 "visible":true,
                 "width":2,
                 "x":134,
                 "y":202
                }, 
                {
                 "gid":4,
                 "height":8,
                 "id":127,
                 "name":"",
                 "rotation":0,
                 "type":"Door",
                 "visible":true,
                 "width":2,
                 "x":158,
                 "y":136
                }],
         "opacity":1,
         "type":"objectgroup",
         "visible":true,
         "x":0,
         "y":0
        }],
 "nextlayerid":8,
 "nextobjectid":129,
 "orientation":"orthogonal",
 "renderorder":"right-down",
 "tiledversion":"1.2.3",
 "tileheight":2,
 "tilesets":[
        {
         "columns":0,
         "firstgid":1,
         "grid":
            {
             "height":1,
             "orientation":"orthogonal",
             "width":1
            },
         "margin":0,
         "name":"Nav",
         "spacing":0,
         "tilecount":2,
         "tileheight":2,
         "tiles":[
                {
                 "id":0,
                 "image":"targets\/brokenTarget.png",
                 "imageheight":2,
                 "imagewidth":2
                }, 
                {
                 "id":1,
                 "image":"ui\/tile.png",
                 "imageheight":2,
                 "imagewidth":2
                }],
         "tilewidth":2
        }, 
        {
         "columns":0,
         "firstgid":3,
         "grid":
            {
             "height":1,
             "orientation":"orthogonal",
             "width":1
            },
         "margin":0,
         "name":"objects",
         "spacing":0,
         "tilecount":1,
         "tileheight":2,
         "tiles":[
                {
                 "id":1,
                 "image":"ui\/tile.png",
                 "imageheight":2,
                 "imagewidth":2
                }],
         "tilewidth":2
        }],
 "tilewidth":2,
 "type":"map",
 "version":1.2,
 "width":256
}