{ "height":96,
 "infinite":false,
 "layers":[
        {
         "id":2,
         "image":"ships\/first2.png",
         "name":"Ship",
         "offsetx":192,
         "offsety":74,
         "opacity":1,
         "type":"imagelayer",
         "visible":true,
         "x":0,
         "y":0
        }, 
        {
         "draworder":"topdown",
         "id":8,
         "name":"Props",
         "objects":[
                {
                 "gid":1,
                 "height":8,
                 "id":339,
                 "name":"",
                 "rotation":0,
                 "type":"Door",
                 "visible":true,
                 "width":2,
                 "x":216,
                 "y":102
                }, 
                {
                 "gid":1,
                 "height":6,
                 "id":345,
                 "name":"",
                 "rotation":0,
                 "type":"Door",
                 "visible":true,
                 "width":2,
                 "x":204,
                 "y":100
                }, 
                {
                 "gid":1,
                 "height":2,
                 "id":350,
                 "name":"",
                 "rotation":0,
                 "type":"Door",
                 "visible":true,
                 "width":6,
                 "x":224,
                 "y":90
                }],
         "opacity":1,
         "type":"objectgroup",
         "visible":true,
         "x":0,
         "y":0
        }, 
        {
         "draworder":"topdown",
         "id":15,
         "name":"Systems",
         "objects":[
                {
                 "gid":2,
                 "height":2,
                 "id":335,
                 "name":"Crew",
                 "rotation":0,
                 "type":"CrewSpawner",
                 "visible":true,
                 "width":2,
                 "x":230,
                 "y":98
                }, 
                {
                 "gid":16,
                 "height":2,
                 "id":341,
                 "name":"",
                 "properties":[
                        {
                         "name":"Power",
                         "type":"float",
                         "value":5
                        }],
                 "rotation":0,
                 "type":"OxygenController",
                 "visible":true,
                 "width":2,
                 "x":220,
                 "y":94
                }, 
                {
                 "gid":16,
                 "height":2,
                 "id":344,
                 "name":"RepairBotDockStation",
                 "properties":[
                        {
                         "name":"botsNum",
                         "type":"int",
                         "value":1
                        }],
                 "rotation":0,
                 "type":"RepairBotDockStation",
                 "visible":true,
                 "width":2,
                 "x":206,
                 "y":88
                }, 
                {
                 "gid":16,
                 "height":2,
                 "id":346,
                 "name":"",
                 "properties":[
                        {
                         "name":"Power",
                         "type":"float",
                         "value":5
                        }],
                 "rotation":0,
                 "type":"OxygenController",
                 "visible":true,
                 "width":2,
                 "x":207,
                 "y":96
                }, 
                {
                 "gid":16,
                 "height":2,
                 "id":347,
                 "name":"",
                 "properties":[
                        {
                         "name":"Power",
                         "type":"float",
                         "value":5
                        }],
                 "rotation":0,
                 "type":"OxygenController",
                 "visible":true,
                 "width":2,
                 "x":207,
                 "y":102
                }, 
                {
                 "gid":16,
                 "height":2,
                 "id":348,
                 "name":"",
                 "properties":[
                        {
                         "name":"Power",
                         "type":"float",
                         "value":5
                        }],
                 "rotation":0,
                 "type":"OxygenController",
                 "visible":true,
                 "width":2,
                 "x":220,
                 "y":104
                }, 
                {
                 "gid":16,
                 "height":2,
                 "id":349,
                 "name":"RepairBotDockStation",
                 "properties":[
                        {
                         "name":"botsNum",
                         "type":"int",
                         "value":1
                        }],
                 "rotation":0,
                 "type":"RepairBotDockStation",
                 "visible":true,
                 "width":2,
                 "x":206,
                 "y":110
                }],
         "opacity":1,
         "type":"objectgroup",
         "visible":true,
         "x":0,
         "y":0
        }],
 "nextlayerid":26,
 "nextobjectid":351,
 "orientation":"orthogonal",
 "renderorder":"right-down",
 "tiledversion":"1.2.2",
 "tileheight":2,
 "tilesets":[
        {
         "columns":0,
         "firstgid":1,
         "grid":
            {
             "height":1,
             "orientation":"orthogonal",
             "width":1
            },
         "margin":0,
         "name":"nav",
         "spacing":0,
         "tilecount":2,
         "tileheight":2,
         "tiles":[
                {
                 "id":0,
                 "image":"ui\/tile.png",
                 "imageheight":2,
                 "imagewidth":2
                }, 
                {
                 "id":1,
                 "image":"targets\/brokenTarget.png",
                 "imageheight":2,
                 "imagewidth":2
                }],
         "tilewidth":2
        }, 
        {
         "columns":0,
         "firstgid":3,
         "grid":
            {
             "height":1,
             "orientation":"orthogonal",
             "width":1
            },
         "margin":0,
         "name":"objects",
         "spacing":0,
         "tilecount":13,
         "tileheight":12,
         "tiles":[
                {
                 "id":0,
                 "image":"windows\/windowBD.png",
                 "imageheight":3,
                 "imagewidth":10
                }, 
                {
                 "id":1,
                 "image":"windows\/windowBT.png",
                 "imageheight":3,
                 "imagewidth":10
                }, 
                {
                 "id":2,
                 "image":"windows\/windowCD.png",
                 "imageheight":11,
                 "imagewidth":16
                }, 
                {
                 "id":3,
                 "image":"windows\/windowCT.png",
                 "imageheight":11,
                 "imagewidth":16
                }, 
                {
                 "id":4,
                 "image":"windows\/windowSD.png",
                 "imageheight":3,
                 "imagewidth":4
                }, 
                {
                 "id":5,
                 "image":"windows\/windowST.png",
                 "imageheight":3,
                 "imagewidth":4
                }, 
                {
                 "id":6,
                 "image":"doors\/DoorHD2.png",
                 "imageheight":2,
                 "imagewidth":4
                }, 
                {
                 "id":7,
                 "image":"doors\/DoorHD4.png",
                 "imageheight":2,
                 "imagewidth":6
                }, 
                {
                 "id":8,
                 "image":"doors\/DoorHT4.png",
                 "imageheight":2,
                 "imagewidth":6
                }, 
                {
                 "id":9,
                 "image":"doors\/DoorV2.png",
                 "imageheight":4,
                 "imagewidth":2
                }, 
                {
                 "id":10,
                 "image":"doors\/DoorVL4.png",
                 "imageheight":6,
                 "imagewidth":2
                }, 
                {
                 "id":11,
                 "image":"doors\/DoorVR4.png",
                 "imageheight":6,
                 "imagewidth":2
                }, 
                {
                 "id":12,
                 "image":"probes\/bed.png",
                 "imageheight":12,
                 "imagewidth":5
                }],
         "tilewidth":16
        }, 
        {
         "columns":0,
         "firstgid":16,
         "grid":
            {
             "height":1,
             "orientation":"orthogonal",
             "width":1
            },
         "margin":0,
         "name":"Nav",
         "spacing":0,
         "tilecount":2,
         "tileheight":2,
         "tiles":[
                {
                 "id":0,
                 "image":"targets\/brokenTarget.png",
                 "imageheight":2,
                 "imagewidth":2
                }, 
                {
                 "id":1,
                 "image":"ui\/tile.png",
                 "imageheight":2,
                 "imagewidth":2
                }],
         "tilewidth":2
        }],
 "tilewidth":2,
 "type":"map",
 "version":1.2,
 "width":128
}