{ "height":48,
 "infinite":false,
 "layers":[
        {
         "id":2,
         "image":"hull\/body.png",
         "name":"Ship",
         "opacity":1,
         "type":"imagelayer",
         "visible":true,
         "x":0,
         "y":0
        }, 
        {
         "draworder":"topdown",
         "id":7,
         "name":"Props",
         "objects":[
                {
                 "gid":4,
                 "height":6,
                 "id":12,
                 "name":"",
                 "rotation":0,
                 "type":"Door",
                 "visible":true,
                 "width":2,
                 "x":96,
                 "y":38
                }, 
                {
                 "gid":4,
                 "height":8,
                 "id":13,
                 "name":"",
                 "rotation":0,
                 "type":"Door",
                 "visible":true,
                 "width":2,
                 "x":62,
                 "y":36
                }, 
                {
                 "gid":4,
                 "height":2,
                 "id":14,
                 "name":"",
                 "rotation":0,
                 "type":"Door",
                 "visible":true,
                 "width":8,
                 "x":112,
                 "y":54
                }, 
                {
                 "gid":4,
                 "height":6,
                 "id":15,
                 "name":"",
                 "rotation":0,
                 "type":"Door",
                 "visible":true,
                 "width":2,
                 "x":96,
                 "y":30
                }, 
                {
                 "gid":4,
                 "height":32,
                 "id":16,
                 "name":"",
                 "rotation":0,
                 "type":"Door",
                 "visible":true,
                 "width":2,
                 "x":62,
                 "y":70
                }, 
                {
                 "gid":4,
                 "height":8,
                 "id":17,
                 "name":"",
                 "rotation":0,
                 "type":"Door",
                 "visible":true,
                 "width":2,
                 "x":96,
                 "y":52
                }, 
                {
                 "gid":4,
                 "height":2,
                 "id":18,
                 "name":"",
                 "rotation":0,
                 "type":"Door",
                 "visible":true,
                 "width":8,
                 "x":112,
                 "y":44
                }, 
                {
                 "gid":4,
                 "height":2,
                 "id":19,
                 "name":"",
                 "rotation":0,
                 "type":"Door",
                 "visible":true,
                 "width":8,
                 "x":134,
                 "y":44
                }, 
                {
                 "gid":4,
                 "height":2,
                 "id":20,
                 "name":"",
                 "rotation":0,
                 "type":"Door",
                 "visible":true,
                 "width":8,
                 "x":154,
                 "y":44
                }, 
                {
                 "gid":4,
                 "height":2,
                 "id":21,
                 "name":"",
                 "rotation":0,
                 "type":"Door",
                 "visible":true,
                 "width":8,
                 "x":134,
                 "y":54
                }, 
                {
                 "gid":4,
                 "height":2,
                 "id":22,
                 "name":"",
                 "rotation":0,
                 "type":"Door",
                 "visible":true,
                 "width":8,
                 "x":154,
                 "y":54
                }, 
                {
                 "gid":4,
                 "height":6,
                 "id":23,
                 "name":"",
                 "rotation":0,
                 "type":"Door",
                 "visible":true,
                 "width":2,
                 "x":164,
                 "y":36
                }, 
                {
                 "gid":4,
                 "height":8,
                 "id":24,
                 "name":"",
                 "rotation":0,
                 "type":"Door",
                 "visible":true,
                 "width":2,
                 "x":176,
                 "y":52
                }, 
                {
                 "gid":4,
                 "height":6,
                 "id":25,
                 "name":"",
                 "rotation":0,
                 "type":"Door",
                 "visible":true,
                 "width":2,
                 "x":184,
                 "y":30
                }, 
                {
                 "gid":4,
                 "height":2,
                 "id":26,
                 "name":"",
                 "rotation":0,
                 "type":"Door",
                 "visible":true,
                 "width":6,
                 "x":186,
                 "y":60
                }, 
                {
                 "gid":4,
                 "height":2,
                 "id":27,
                 "name":"",
                 "rotation":0,
                 "type":"Door",
                 "visible":true,
                 "width":6,
                 "x":186,
                 "y":40
                }, 
                {
                 "gid":4,
                 "height":4,
                 "id":28,
                 "name":"",
                 "rotation":0,
                 "type":"Door",
                 "visible":true,
                 "width":10,
                 "x":184,
                 "y":76
                }, 
                {
                 "gid":5,
                 "height":12,
                 "id":56,
                 "name":"",
                 "rotation":0,
                 "type":"Bed",
                 "visible":true,
                 "width":5,
                 "x":107,
                 "y":67
                }, 
                {
                 "gid":5,
                 "height":12,
                 "id":57,
                 "name":"",
                 "rotation":0,
                 "type":"Bed",
                 "visible":true,
                 "width":5,
                 "x":129,
                 "y":67
                }, 
                {
                 "gid":5,
                 "height":12,
                 "id":58,
                 "name":"",
                 "rotation":0,
                 "type":"Bed",
                 "visible":true,
                 "width":5,
                 "x":158,
                 "y":72
                }, 
                {
                 "gid":5,
                 "height":12,
                 "id":59,
                 "name":"",
                 "rotation":0,
                 "type":"Bed",
                 "visible":true,
                 "width":5,
                 "x":151,
                 "y":67
                }, 
                {
                 "gid":5,
                 "height":12,
                 "id":63,
                 "name":"",
                 "rotation":0,
                 "type":"Bed",
                 "visible":true,
                 "width":5,
                 "x":120,
                 "y":41
                }, 
                {
                 "gid":5,
                 "height":12,
                 "id":71,
                 "name":"",
                 "rotation":0,
                 "type":"Bed",
                 "visible":true,
                 "width":5,
                 "x":192,
                 "y":37
                }],
         "opacity":1,
         "type":"objectgroup",
         "visible":true,
         "x":0,
         "y":0
        }, 
        {
         "draworder":"topdown",
         "id":4,
         "name":"Systems",
         "objects":[
                {
                 "gid":1,
                 "height":2,
                 "id":4,
                 "name":"CrewSpawner",
                 "rotation":0,
                 "type":"CrewSpawner",
                 "visible":true,
                 "width":2,
                 "x":194,
                 "y":50
                }, 
                {
                 "gid":1,
                 "height":2,
                 "id":41,
                 "name":"",
                 "properties":[
                        {
                         "name":"Power",
                         "type":"float",
                         "value":5
                        }],
                 "rotation":0,
                 "type":"OxygenController",
                 "visible":true,
                 "width":2,
                 "x":48,
                 "y":29
                }, 
                {
                 "gid":1,
                 "height":2,
                 "id":42,
                 "name":"",
                 "properties":[
                        {
                         "name":"Power",
                         "type":"float",
                         "value":5
                        }],
                 "rotation":0,
                 "type":"OxygenController",
                 "visible":true,
                 "width":2,
                 "x":107,
                 "y":27
                }, 
                {
                 "gid":1,
                 "height":2,
                 "id":43,
                 "name":"",
                 "properties":[
                        {
                         "name":"Power",
                         "type":"float",
                         "value":5
                        }],
                 "rotation":0,
                 "type":"OxygenController",
                 "visible":true,
                 "width":2,
                 "x":107,
                 "y":71
                }, 
                {
                 "gid":1,
                 "height":2,
                 "id":44,
                 "name":"",
                 "properties":[
                        {
                         "name":"Power",
                         "type":"float",
                         "value":5
                        }],
                 "rotation":0,
                 "type":"OxygenController",
                 "visible":true,
                 "width":2,
                 "x":129,
                 "y":71
                }, 
                {
                 "gid":1,
                 "height":2,
                 "id":45,
                 "name":"",
                 "properties":[
                        {
                         "name":"Power",
                         "type":"float",
                         "value":5
                        }],
                 "rotation":0,
                 "type":"OxygenController",
                 "visible":true,
                 "width":2,
                 "x":151,
                 "y":71
                }, 
                {
                 "gid":1,
                 "height":2,
                 "id":46,
                 "name":"",
                 "properties":[
                        {
                         "name":"Power",
                         "type":"float",
                         "value":5
                        }],
                 "rotation":0,
                 "type":"OxygenController",
                 "visible":true,
                 "width":2,
                 "x":151,
                 "y":27
                }, 
                {
                 "gid":1,
                 "height":2,
                 "id":47,
                 "name":"",
                 "properties":[
                        {
                         "name":"Power",
                         "type":"float",
                         "value":5
                        }],
                 "rotation":0,
                 "type":"OxygenController",
                 "visible":true,
                 "width":2,
                 "x":145,
                 "y":41
                }, 
                {
                 "gid":1,
                 "height":2,
                 "id":48,
                 "name":"",
                 "properties":[
                        {
                         "name":"Power",
                         "type":"float",
                         "value":5
                        }],
                 "rotation":0,
                 "type":"OxygenController",
                 "visible":true,
                 "width":2,
                 "x":179,
                 "y":37
                }, 
                {
                 "gid":1,
                 "height":2,
                 "id":50,
                 "name":"",
                 "properties":[
                        {
                         "name":"Power",
                         "type":"float",
                         "value":5
                        }],
                 "rotation":0,
                 "type":"OxygenController",
                 "visible":true,
                 "width":2,
                 "x":201,
                 "y":70
                }, 
                {
                 "gid":1,
                 "height":2,
                 "id":51,
                 "name":"",
                 "properties":[
                        {
                         "name":"Power",
                         "type":"float",
                         "value":5
                        }],
                 "rotation":0,
                 "type":"OxygenController",
                 "visible":true,
                 "width":2,
                 "x":201,
                 "y":28
                }, 
                {
                 "gid":1,
                 "height":2,
                 "id":52,
                 "name":"",
                 "properties":[
                        {
                         "name":"Power",
                         "type":"float",
                         "value":5
                        }],
                 "rotation":0,
                 "type":"OxygenController",
                 "visible":true,
                 "width":2,
                 "x":126,
                 "y":47
                }, 
                {
                 "gid":1,
                 "height":2,
                 "id":53,
                 "name":"",
                 "properties":[
                        {
                         "name":"Power",
                         "type":"float",
                         "value":5
                        }],
                 "rotation":0,
                 "type":"OxygenController",
                 "visible":true,
                 "width":2,
                 "x":65,
                 "y":71
                }, 
                {
                 "gid":1,
                 "height":2,
                 "id":54,
                 "name":"",
                 "properties":[
                        {
                         "name":"Power",
                         "type":"float",
                         "value":5
                        }],
                 "rotation":0,
                 "type":"OxygenController",
                 "visible":true,
                 "width":2,
                 "x":65,
                 "y":27
                }, 
                {
                 "gid":1,
                 "height":2,
                 "id":72,
                 "name":"",
                 "properties":[
                        {
                         "name":"Power",
                         "type":"float",
                         "value":5
                        }],
                 "rotation":0,
                 "type":"OxygenController",
                 "visible":true,
                 "width":2,
                 "x":48,
                 "y":69
                }, 
                {
                 "gid":1,
                 "height":2,
                 "id":76,
                 "name":"RepairBotDockStation",
                 "properties":[
                        {
                         "name":"botsNum",
                         "type":"int",
                         "value":1
                        }],
                 "rotation":0,
                 "type":"RepairBotDockStation",
                 "visible":true,
                 "width":2,
                 "x":30,
                 "y":74
                }, 
                {
                 "gid":1,
                 "height":2,
                 "id":77,
                 "name":"RepairBotDockStation",
                 "properties":[
                        {
                         "name":"botsNum",
                         "type":"int",
                         "value":1
                        }],
                 "rotation":0,
                 "type":"RepairBotDockStation",
                 "visible":true,
                 "width":2,
                 "x":30,
                 "y":22
                }, 
                {
                 "gid":1,
                 "height":2,
                 "id":78,
                 "name":"RepairBotDockStation",
                 "properties":[
                        {
                         "name":"botsNum",
                         "type":"int",
                         "value":1
                        }],
                 "rotation":0,
                 "type":"RepairBotDockStation",
                 "visible":true,
                 "width":2,
                 "x":126,
                 "y":74
                }, 
                {
                 "gid":1,
                 "height":2,
                 "id":79,
                 "name":"RepairBotDockStation",
                 "properties":[
                        {
                         "name":"botsNum",
                         "type":"int",
                         "value":1
                        }],
                 "rotation":0,
                 "type":"RepairBotDockStation",
                 "visible":true,
                 "width":2,
                 "x":126,
                 "y":26
                }, 
                {
                 "gid":1,
                 "height":2,
                 "id":80,
                 "name":"RepairBotDockStation",
                 "properties":[
                        {
                         "name":"botsNum",
                         "type":"int",
                         "value":1
                        }],
                 "rotation":0,
                 "type":"RepairBotDockStation",
                 "visible":true,
                 "width":2,
                 "x":198,
                 "y":24
                }, 
                {
                 "gid":1,
                 "height":2,
                 "id":81,
                 "name":"RepairBotDockStation",
                 "properties":[
                        {
                         "name":"botsNum",
                         "type":"int",
                         "value":1
                        }],
                 "rotation":0,
                 "type":"RepairBotDockStation",
                 "visible":true,
                 "width":2,
                 "x":198,
                 "y":74
                }],
         "opacity":1,
         "type":"objectgroup",
         "visible":true,
         "x":0,
         "y":0
        }],
 "nextlayerid":8,
 "nextobjectid":82,
 "orientation":"orthogonal",
 "renderorder":"right-down",
 "tiledversion":"1.2.2",
 "tileheight":2,
 "tilesets":[
        {
         "columns":0,
         "firstgid":1,
         "grid":
            {
             "height":1,
             "orientation":"orthogonal",
             "width":1
            },
         "margin":0,
         "name":"Nav",
         "spacing":0,
         "tilecount":2,
         "tileheight":2,
         "tiles":[
                {
                 "id":0,
                 "image":"targets\/brokenTarget.png",
                 "imageheight":2,
                 "imagewidth":2
                }, 
                {
                 "id":1,
                 "image":"ui\/tile.png",
                 "imageheight":2,
                 "imagewidth":2
                }],
         "tilewidth":2
        }, 
        {
         "columns":0,
         "firstgid":3,
         "grid":
            {
             "height":1,
             "orientation":"orthogonal",
             "width":1
            },
         "margin":0,
         "name":"objects",
         "spacing":0,
         "tilecount":2,
         "tileheight":12,
         "tiles":[
                {
                 "id":1,
                 "image":"ui\/tile.png",
                 "imageheight":2,
                 "imagewidth":2
                }, 
                {
                 "id":2,
                 "image":"probes\/bed.png",
                 "imageheight":12,
                 "imagewidth":5
                }],
         "tilewidth":5
        }],
 "tilewidth":2,
 "type":"map",
 "version":1.2,
 "width":128
}