{ "height":48,
 "infinite":false,
 "layers":[
        {
         "id":2,
         "image":"test\/reddin.png",
         "name":"Ship",
         "opacity":1,
         "type":"imagelayer",
         "visible":true,
         "x":0,
         "y":0
        }, 
        {
         "draworder":"topdown",
         "id":4,
         "name":"Systems",
         "objects":[
                {
                 "gid":1,
                 "height":2,
                 "id":4,
                 "name":"CrewSpawner",
                 "rotation":0,
                 "type":"CrewSpawner",
                 "visible":true,
                 "width":2,
                 "x":84,
                 "y":48
                }, 
                {
                 "gid":1,
                 "height":2,
                 "id":36,
                 "name":"",
                 "properties":[
                        {
                         "name":"Power",
                         "type":"float",
                         "value":5
                        }],
                 "rotation":0,
                 "type":"OxygenController",
                 "visible":true,
                 "width":2,
                 "x":46,
                 "y":25
                }, 
                {
                 "gid":1,
                 "height":2,
                 "id":52,
                 "name":"",
                 "properties":[
                        {
                         "name":"Power",
                         "type":"float",
                         "value":5
                        }],
                 "rotation":0,
                 "type":"OxygenController",
                 "visible":true,
                 "width":2,
                 "x":46,
                 "y":73
                }, 
                {
                 "gid":1,
                 "height":2,
                 "id":53,
                 "name":"",
                 "properties":[
                        {
                         "name":"Power",
                         "type":"float",
                         "value":5
                        }],
                 "rotation":0,
                 "type":"OxygenController",
                 "visible":true,
                 "width":2,
                 "x":68,
                 "y":73
                }, 
                {
                 "gid":1,
                 "height":2,
                 "id":54,
                 "name":"",
                 "properties":[
                        {
                         "name":"Power",
                         "type":"float",
                         "value":5
                        }],
                 "rotation":0,
                 "type":"OxygenController",
                 "visible":true,
                 "width":2,
                 "x":68,
                 "y":25
                }, 
                {
                 "gid":1,
                 "height":2,
                 "id":55,
                 "name":"",
                 "properties":[
                        {
                         "name":"Power",
                         "type":"float",
                         "value":5
                        }],
                 "rotation":0,
                 "type":"OxygenController",
                 "visible":true,
                 "width":2,
                 "x":143,
                 "y":36
                }, 
                {
                 "gid":1,
                 "height":2,
                 "id":56,
                 "name":"",
                 "properties":[
                        {
                         "name":"Power",
                         "type":"float",
                         "value":5
                        }],
                 "rotation":0,
                 "type":"OxygenController",
                 "visible":true,
                 "width":2,
                 "x":143,
                 "y":62
                }, 
                {
                 "gid":1,
                 "height":2,
                 "id":57,
                 "name":"",
                 "properties":[
                        {
                         "name":"Power",
                         "type":"float",
                         "value":5
                        }],
                 "rotation":0,
                 "type":"OxygenController",
                 "visible":true,
                 "width":2,
                 "x":152,
                 "y":36
                }, 
                {
                 "gid":1,
                 "height":2,
                 "id":58,
                 "name":"",
                 "properties":[
                        {
                         "name":"Power",
                         "type":"float",
                         "value":5
                        }],
                 "rotation":0,
                 "type":"OxygenController",
                 "visible":true,
                 "width":2,
                 "x":152,
                 "y":62
                }, 
                {
                 "gid":1,
                 "height":2,
                 "id":59,
                 "name":"",
                 "properties":[
                        {
                         "name":"Power",
                         "type":"float",
                         "value":5
                        }],
                 "rotation":0,
                 "type":"OxygenController",
                 "visible":true,
                 "width":2,
                 "x":164,
                 "y":60
                }, 
                {
                 "gid":1,
                 "height":2,
                 "id":60,
                 "name":"",
                 "properties":[
                        {
                         "name":"Power",
                         "type":"float",
                         "value":5
                        }],
                 "rotation":0,
                 "type":"OxygenController",
                 "visible":true,
                 "width":2,
                 "x":164,
                 "y":38
                }, 
                {
                 "gid":1,
                 "height":2,
                 "id":61,
                 "name":"",
                 "properties":[
                        {
                         "name":"Power",
                         "type":"float",
                         "value":5
                        }],
                 "rotation":0,
                 "type":"OxygenController",
                 "visible":true,
                 "width":2,
                 "x":127,
                 "y":20
                }, 
                {
                 "gid":1,
                 "height":2,
                 "id":62,
                 "name":"",
                 "properties":[
                        {
                         "name":"Power",
                         "type":"float",
                         "value":5
                        }],
                 "rotation":0,
                 "type":"OxygenController",
                 "visible":true,
                 "width":2,
                 "x":127,
                 "y":78
                }, 
                {
                 "gid":1,
                 "height":2,
                 "id":63,
                 "name":"",
                 "properties":[
                        {
                         "name":"Power",
                         "type":"float",
                         "value":5
                        }],
                 "rotation":0,
                 "type":"OxygenController",
                 "visible":true,
                 "width":2,
                 "x":92,
                 "y":84
                }, 
                {
                 "gid":1,
                 "height":2,
                 "id":64,
                 "name":"",
                 "properties":[
                        {
                         "name":"Power",
                         "type":"float",
                         "value":5
                        }],
                 "rotation":0,
                 "type":"OxygenController",
                 "visible":true,
                 "width":2,
                 "x":92,
                 "y":14
                }, 
                {
                 "gid":1,
                 "height":2,
                 "id":65,
                 "name":"",
                 "properties":[
                        {
                         "name":"Power",
                         "type":"float",
                         "value":5
                        }],
                 "rotation":0,
                 "type":"OxygenController",
                 "visible":true,
                 "width":2,
                 "x":73,
                 "y":40
                }, 
                {
                 "gid":1,
                 "height":2,
                 "id":66,
                 "name":"",
                 "properties":[
                        {
                         "name":"Power",
                         "type":"float",
                         "value":5
                        }],
                 "rotation":0,
                 "type":"OxygenController",
                 "visible":true,
                 "width":2,
                 "x":73,
                 "y":58
                }, 
                {
                 "gid":1,
                 "height":2,
                 "id":67,
                 "name":"",
                 "properties":[
                        {
                         "name":"Power",
                         "type":"float",
                         "value":5
                        }],
                 "rotation":0,
                 "type":"OxygenController",
                 "visible":true,
                 "width":2,
                 "x":94,
                 "y":48
                }, 
                {
                 "gid":1,
                 "height":2,
                 "id":68,
                 "name":"RepairBotDockStation",
                 "properties":[
                        {
                         "name":"botsNum",
                         "type":"int",
                         "value":1
                        }],
                 "rotation":0,
                 "type":"RepairBotDockStation",
                 "visible":true,
                 "width":2,
                 "x":106,
                 "y":32
                }, 
                {
                 "gid":1,
                 "height":2,
                 "id":69,
                 "name":"RepairBotDockStation",
                 "properties":[
                        {
                         "name":"botsNum",
                         "type":"int",
                         "value":1
                        }],
                 "rotation":0,
                 "type":"RepairBotDockStation",
                 "visible":true,
                 "width":2,
                 "x":108,
                 "y":66
                }],
         "opacity":1,
         "type":"objectgroup",
         "visible":true,
         "x":0,
         "y":0
        }, 
        {
         "draworder":"topdown",
         "id":7,
         "name":"Props",
         "objects":[
                {
                 "gid":4,
                 "height":6,
                 "id":12,
                 "name":"",
                 "rotation":0,
                 "type":"Door",
                 "visible":true,
                 "width":2,
                 "x":108,
                 "y":28
                }, 
                {
                 "gid":4,
                 "height":8,
                 "id":13,
                 "name":"",
                 "rotation":0,
                 "type":"Door",
                 "visible":true,
                 "width":2,
                 "x":28,
                 "y":38
                }, 
                {
                 "gid":4,
                 "height":6,
                 "id":23,
                 "name":"",
                 "rotation":0,
                 "type":"Door",
                 "visible":true,
                 "width":2,
                 "x":56,
                 "y":34
                }, 
                {
                 "gid":4,
                 "height":8,
                 "id":24,
                 "name":"",
                 "rotation":0,
                 "type":"Door",
                 "visible":true,
                 "width":2,
                 "x":160,
                 "y":44
                }, 
                {
                 "gid":4,
                 "height":2,
                 "id":27,
                 "name":"",
                 "rotation":0,
                 "type":"Door",
                 "visible":true,
                 "width":6,
                 "x":94,
                 "y":20
                }, 
                {
                 "gid":4,
                 "height":8,
                 "id":41,
                 "name":"",
                 "rotation":0,
                 "type":"Door",
                 "visible":true,
                 "width":2,
                 "x":28,
                 "y":66
                }, 
                {
                 "gid":4,
                 "height":8,
                 "id":42,
                 "name":"",
                 "rotation":0,
                 "type":"Door",
                 "visible":true,
                 "width":2,
                 "x":48,
                 "y":52
                }, 
                {
                 "gid":4,
                 "height":8,
                 "id":43,
                 "name":"",
                 "rotation":0,
                 "type":"Door",
                 "visible":true,
                 "width":2,
                 "x":68,
                 "y":52
                }, 
                {
                 "gid":4,
                 "height":6,
                 "id":44,
                 "name":"",
                 "rotation":0,
                 "type":"Door",
                 "visible":true,
                 "width":2,
                 "x":56,
                 "y":68
                }, 
                {
                 "gid":4,
                 "height":8,
                 "id":45,
                 "name":"",
                 "rotation":0,
                 "type":"Door",
                 "visible":true,
                 "width":2,
                 "x":160,
                 "y":60
                }, 
                {
                 "gid":4,
                 "height":8,
                 "id":46,
                 "name":"",
                 "rotation":0,
                 "type":"Door",
                 "visible":true,
                 "width":2,
                 "x":146,
                 "y":58
                }, 
                {
                 "gid":4,
                 "height":8,
                 "id":47,
                 "name":"",
                 "rotation":0,
                 "type":"Door",
                 "visible":true,
                 "width":2,
                 "x":146,
                 "y":46
                }, 
                {
                 "gid":4,
                 "height":2,
                 "id":48,
                 "name":"",
                 "rotation":0,
                 "type":"Door",
                 "visible":true,
                 "width":6,
                 "x":94,
                 "y":78
                }, 
                {
                 "gid":4,
                 "height":6,
                 "id":49,
                 "name":"",
                 "rotation":0,
                 "type":"Door",
                 "visible":true,
                 "width":2,
                 "x":108,
                 "y":74
                }, 
                {
                 "gid":4,
                 "height":2,
                 "id":50,
                 "name":"",
                 "rotation":0,
                 "type":"Door",
                 "visible":true,
                 "width":6,
                 "x":66,
                 "y":76
                }, 
                {
                 "gid":4,
                 "height":2,
                 "id":51,
                 "name":"",
                 "rotation":0,
                 "type":"Door",
                 "visible":true,
                 "width":6,
                 "x":90,
                 "y":8
                }, 
                {
                 "gid":4,
                 "height":2,
                 "id":70,
                 "name":"",
                 "rotation":0,
                 "type":"Door",
                 "visible":true,
                 "width":6,
                 "x":88,
                 "y":90
                }, 
                {
                 "gid":4,
                 "height":2,
                 "id":71,
                 "name":"",
                 "rotation":0,
                 "type":"Door",
                 "visible":true,
                 "width":6,
                 "x":66,
                 "y":22
                }],
         "opacity":1,
         "type":"objectgroup",
         "visible":true,
         "x":0,
         "y":0
        }, 
        {
         "id":8,
         "image":"test\/reddinTop2.png",
         "name":"Top",
         "opacity":1,
         "type":"imagelayer",
         "visible":false,
         "x":0,
         "y":0
        }],
 "nextlayerid":9,
 "nextobjectid":72,
 "orientation":"orthogonal",
 "renderorder":"right-down",
 "tiledversion":"1.2.2",
 "tileheight":2,
 "tilesets":[
        {
         "columns":0,
         "firstgid":1,
         "grid":
            {
             "height":1,
             "orientation":"orthogonal",
             "width":1
            },
         "margin":0,
         "name":"Nav",
         "spacing":0,
         "tilecount":2,
         "tileheight":2,
         "tiles":[
                {
                 "id":0,
                 "image":"targets\/brokenTarget.png",
                 "imageheight":2,
                 "imagewidth":2
                }, 
                {
                 "id":1,
                 "image":"ui\/tile.png",
                 "imageheight":2,
                 "imagewidth":2
                }],
         "tilewidth":2
        }, 
        {
         "columns":0,
         "firstgid":3,
         "grid":
            {
             "height":1,
             "orientation":"orthogonal",
             "width":1
            },
         "margin":0,
         "name":"objects",
         "spacing":0,
         "tilecount":1,
         "tileheight":2,
         "tiles":[
                {
                 "id":1,
                 "image":"ui\/tile.png",
                 "imageheight":2,
                 "imagewidth":2
                }],
         "tilewidth":2
        }],
 "tilewidth":2,
 "type":"map",
 "version":1.2,
 "width":96
}