{
    "name": "repairBotFSM",
    "initialState": "idle",
    "states": [
        {
            "name": "idle",
            "from": [
                "search",
                "move",
                "repair",
                "charge"
            ],
            "enter": {
                "name": "onIdleStateEnter"
            }
        },
        {
            "name": "search",
            "from": [
                "idle",
                "move",
                "repair",
                "charge"
            ],
            "enter": {
                "name": "onSearchPathStateEnter"
            }
        },
        {
            "name": "move",
            "from": [
                "idle"
            ],
            "enter": {
                "name": "onMoveStateEnter"
            }
        },
        {
            "name": "repair",
            "from": [
                "idle",
                "move",
                "search"
            ],
            "enter": {
                "name": "onRepairStateEnter",
                "params": {
                    "speed":0.3
                }
            }
        },
        {
            "name": "charge",
            "from": [
                "move"
            ],
            "enter": {
                "name": "onChargeStateEnter"
            }
        }
    ]
}