{
    "name": "sectionFSM",
    "initialState": "uncontrolled",
    "states": [
        {
            "name": "uncontrolled",
            "enter": {
                "name": "onUncontrolledStateEnter"
            },
            "states": [
                {
                    "name": "inCatchZone",
                    "from": [
                        "uncontrolled"
                    ]
                },
                {
                    "name": "lost",
                    "from": [
                        "inCatchZone"
                    ]
                }
            ]
        },
        {
            "name": "towing",
            "from": [
                "inCatchZone"
            ],
            "states": [
                {
                    "name": "slowDownRotation",
                    "from": [
                        "inCatchZone"
                    ]
                },
                {
                    "name": "move",
                    "from": [
                        "slowDownRotation"
                    ]
                },
                {
                    "name": "docking",
                    "from": [
                        "move"
                    ]
                }
            ]
        }
    ]
}