{
    "name": "towBotFSM",
    "initialState": "docked",
    "states": [
        {
            "name": "docked",
            "enter": {
                "name": "onDockedStateEnter",
                "params": {
                    "sfx": "connect"
                }
            },
            "from": [
                "undocked"
            ],
            "states": [
                {
                    "name": "idle",
                    "params": {
                        "sfx": "iddle"
                    },
                    "from": [
                        "turn",
                        "engineOff"
                    ],
                    "enter": {
                        "name": "onIdleStateEnter"
                    }
                },
                {
                    "name": "turn",
                   
                    "from": [
                        "idle"
                    ]
                },
                {
                    "name": "engineOn",
                    "params": {
                        "sfx": "engine3"
                    },
                    "from": [
                        "idle"
                    ]
                },
                {
                    "name": "engineOff",
                    "from": [
                        "engineOn"
                    ]
                }
            ]
        },
        {
            "name": "undocked",
            "from": [
                "docked",
                "idle"
            ],
            "states": [
                {
                    "name": "distanceOut",
                    "params": {
                        "sfx": "engine2"
                    },
                    "from": [
                        "docked",
                        "idle",
                        "turn"
                    ],
                    "enter": {
                        "name": "onDistanceOutStateEnter"
                    }
                },
                {
                    "name": "speedUp",
                    "params": {
                        "sfx": "engine"
                    },
                    "from": [
                        "distanceOut"
                    ]
                },
                {
                    "name": "distanceIn",
                    "params": {
                        "sfx": "engine2"
                    },
                    "from": [
                        "speedUp"
                    ]
                }
            ]
        }
    ]
}